{
    "$schema": "https://schema.management.azure.com/schemas/2019-04-01/deploymentParameters.json#",
    "contentVersion": "1.0.0.0",
    "parameters": {
        "tenantId": {
            "value": {
                "secretName":"TenantID",
                "secretValue":""
            }
        },
        "applicationId": {
            "value": {
                "secretName":"ApplicationID",
                "secretValue": ""
            }
        },
        "clientSecret": {
            "value": {
                "secretName": "ClientSecret",
                "secretValue":""
            }
        }
    }
}